/*
 Navicat Premium Data Transfer

 Source Server         : test
 Source Server Type    : MySQL
 Source Server Version : 50719
 Source Host           : localhost
 Source Database       : dunning

 Target Server Type    : MySQL
 Target Server Version : 50719
 File Encoding         : utf-8

 Date: 01/08/2019 23:04:21 PM
*/

SET NAMES utf8mb4;
SET FOREIGN_KEY_CHECKS = 0;

-- ----------------------------
--  Table structure for `admin`
-- ----------------------------
DROP TABLE IF EXISTS `admin`;
CREATE TABLE `admin` (
  `id` int(11) NOT NULL AUTO_INCREMENT,
  `enable` int(11) DEFAULT NULL,
  `is_admin` int(11) NOT NULL,
  `name` varchar(20) NOT NULL,
  `passwd` varchar(20) NOT NULL,
  `user` varchar(20) NOT NULL,
  PRIMARY KEY (`id`)
) ENGINE=InnoDB AUTO_INCREMENT=3 DEFAULT CHARSET=utf8;

-- ----------------------------
--  Records of `admin`
-- ----------------------------
BEGIN;
INSERT INTO `admin` VALUES ('1', '1', '1', 'admin', 'admin', 'admin'), ('2', '1', '0', 'zhangsan', 'test', 'test');
COMMIT;

-- ----------------------------
--  Table structure for `files`
-- ----------------------------
DROP TABLE IF EXISTS `files`;
CREATE TABLE `files` (
  `id` int(11) NOT NULL AUTO_INCREMENT,
  `order_id` int(11) DEFAULT NULL,
  `path` varchar(200) DEFAULT NULL,
  `time` datetime DEFAULT NULL,
  `type` int(11) DEFAULT NULL,
  PRIMARY KEY (`id`),
  KEY `files_order_id` (`order_id`),
  CONSTRAINT `files_ibfk_1` FOREIGN KEY (`order_id`) REFERENCES `orders` (`id`)
) ENGINE=InnoDB DEFAULT CHARSET=utf8;

-- ----------------------------
--  Table structure for `lender`
-- ----------------------------
DROP TABLE IF EXISTS `lender`;
CREATE TABLE `lender` (
  `id` int(11) NOT NULL AUTO_INCREMENT,
  `family_addr` varchar(200) DEFAULT NULL,
  `family_area` varchar(100) DEFAULT NULL,
  `idcard_id` varchar(255) NOT NULL,
  `is_del` int(11) NOT NULL,
  `name` varchar(20) NOT NULL,
  `tel` varchar(11) NOT NULL,
  `univers_area` varchar(100) DEFAULT NULL,
  `university` varchar(100) DEFAULT NULL,
  PRIMARY KEY (`id`)
) ENGINE=InnoDB AUTO_INCREMENT=50 DEFAULT CHARSET=utf8;

-- ----------------------------
--  Records of `lender`
-- ----------------------------
BEGIN;
INSERT INTO `lender` VALUES ('1', '武汉', '武汉', '1', '0', '刘一鸣', '13006115435', '武汉', '武汉民政职业学院'), ('2', '武汉', '武汉', '2', '0', '朱天民', '13016420438', '武汉', '武汉民政职业学院'), ('3', '武汉', '武汉', '3', '0', '郑吉添', '13047111195', '武汉', '黄冈师范学院'), ('4', '武汉', '武汉', '4', '0', '王婷婷', '13072260775', '武汉', '天津工艺美术职业学院'), ('5', '武汉', '武汉', '5', '0', '袁鑫', '13080643427', '武汉', '武汉商学院'), ('6', '武汉', '武汉', '6', '0', '许印亮', '13164670907', '武汉', '武汉大学珞珈学院'), ('7', '武汉', '武汉', '7', '0', '刘永', '13207115129', '武汉', '武汉工程大学'), ('8', '武汉', '武汉', '8', '0', '程博', '13227133173', '武汉', '湖北艺术职业学院'), ('9', '武汉', '武汉', '9', '0', '木尼热艾克木', '13239067207', '武汉', '武汉大学'), ('10', '武汉', '武汉', '10', '0', '王宇晨', '13260574236', '武汉', '汉口学院'), ('11', '武汉', '武汉', '11', '0', '周正', '13296636975', '武汉', '湖北水利水电职业技术学院'), ('12', '武汉', '武汉', '12', '0', '万开鹏', '13296681411', '武汉', '武汉学院'), ('13', '武汉', '武汉', '13', '0', '蒋鑫', '13377803022', '武汉', '武汉职业技术学院'), ('14', '武汉', '武汉', '14', '0', '刘雨龙', '13419669841', '武汉', '随州职业技术学院'), ('15', '武汉', '武汉', '15', '0', '宋晶', '13419687602', '武汉', '湖北水利水电职业技术学院'), ('16', '武汉', '武汉', '16', '0', '孙强', '13437285886', '武汉', '湖北国土资源职业技术学院'), ('17', '武汉', '武汉', '17', '0', '李汝琪', '13477055877', '武汉', '汉口学院'), ('18', '武汉', '武汉', '18', '0', '吴霜霜', '13477317388', '武汉', '武昌职业学院'), ('19', '武汉', '武汉', '19', '0', '易存雷', '13477567206', '武汉', '武汉工程职业技术学院'), ('20', '武汉', '武汉', '20', '0', '杨朋', '13545195503', '武汉', '武汉民政学院'), ('21', '武汉', '武汉', '21', '0', '开丽曼', '13545244820', '武汉', '武汉理工大学'), ('22', '武汉', '武汉', '22', '0', '黄科军', '13597414879', '武汉', '华中师范大学'), ('23', '武汉', '武汉', '23', '0', '王柯中', '13612132916', '武汉', '天津市冶金职业技术学院'), ('24', '南京', '南京', '24', '0', '章钦', '13647258573', '南京', '武汉民政职业学院'), ('25', '南京', '南京', '25', '0', '王祥林', '13657264892', '南京', '湖北轻工职业技术学院'), ('26', '南京', '南京', '26', '0', '努尔兰', '13699374092', '南京', '新疆克拉玛依职业技术学院'), ('27', '南京', '南京', '27', '0', '唐登川', '13871264261', '南京', '武汉航海职业技术学院'), ('28', '南京', '南京', '28', '0', '周伟', '13871494201', '南京', '武汉商贸职业学院'), ('29', '南京', '南京', '29', '0', '蓝仕成', '13907257595', '南京', '武汉航海职业技术学院'), ('30', '南京', '南京', '30', '0', '刘璐', '13971617454', '南京', '湖北师范学院文理学院'), ('31', '南京', '南京', '31', '0', '彭字伟', '13972627370', '南京', '武汉工业职业技术学院'), ('32', '南京', '南京', '32', '0', '周勇军', '15023582384', '南京', '西南民族大学'), ('33', '南京', '南京', '33', '0', '许晨', '15027127710', '南京', '武汉商贸职业学院'), ('34', '南京', '南京', '34', '0', '汪洋', '15027177505', '南京', '武汉外语外事职业技术学院'), ('35', '南京', '南京', '35', '0', '仰旭', '15055492830', '南京', '武汉商贸职业学院'), ('36', '南京', '南京', '36', '0', '黄多多', '15071450569', '南京', '武汉工程科技学院'), ('37', '南京', '南京', '37', '0', '王羽', '15071473033', '南京', '湖北科技职业学院'), ('38', '南京', '南京', '38', '0', '王震', '15072459449', '南京', '银河学院'), ('39', '南京', '南京', '39', '0', '邓楠', '15086531424', '南京', '汉口学院'), ('40', '南京', '南京', '40', '0', '邓楠', '15086531424', '南京', '汉口学院'), ('41', '南京', '南京', '41', '0', '刘闯', '15098019827', '南京', '黄冈师范学院'), ('42', '南京', '南京', '42', '0', '董久萌', '15106720309', '南京', '汉口学院'), ('43', '南京', '南京', '43', '0', '艾晟', '15107187703', '南京', '东方高级决策管理学院'), ('44', '南京', '南京', '44', '0', '洪朗', '15171630797', '南京', '黄冈师范学院'), ('45', '南京', '南京', '45', '0', '汤慧芳', '15171632144', '南京', '黄冈职业技术学院'), ('46', '南京', '南京', '46', '0', '徐熊军', '15172346395', '南京', '武汉大学珞珈学院'), ('47', '南京', '南京', '47', '0', '谢宇豪', '15172706427', '南京', '武汉商学院'), ('48', '南京', '南京', '48', '0', '谭琦', '15172869873', '南京', '湖北水利水电职业技术学院'), ('49', '南京', '南京', '49', '0', '马建英', '15181089156', '南京', '成都航空职业技术学院');
COMMIT;

-- ----------------------------
--  Table structure for `operation`
-- ----------------------------
DROP TABLE IF EXISTS `operation`;
CREATE TABLE `operation` (
  `id` int(11) NOT NULL AUTO_INCREMENT,
  `admin_id` int(11) DEFAULT NULL,
  `after_status` int(11) DEFAULT NULL,
  `before_status` int(11) DEFAULT NULL,
  `files` varchar(200) DEFAULT NULL,
  `is_change_status` int(11) DEFAULT NULL,
  `is_upload` int(11) DEFAULT NULL,
  `lender_id` int(11) DEFAULT NULL,
  `op_desc` varchar(300) DEFAULT NULL,
  `time` datetime DEFAULT NULL,
  PRIMARY KEY (`id`),
  KEY `operation_admin_id` (`admin_id`),
  KEY `operation_lender_id` (`lender_id`),
  CONSTRAINT `operation_ibfk_1` FOREIGN KEY (`admin_id`) REFERENCES `admin` (`id`) ON DELETE CASCADE,
  CONSTRAINT `operation_ibfk_2` FOREIGN KEY (`lender_id`) REFERENCES `lender` (`id`) ON DELETE CASCADE
) ENGINE=InnoDB DEFAULT CHARSET=utf8;

-- ----------------------------
--  Table structure for `orders`
-- ----------------------------
DROP TABLE IF EXISTS `orders`;
CREATE TABLE `orders` (
  `id` int(11) NOT NULL AUTO_INCREMENT,
  `account_day` varchar(50) DEFAULT NULL,
  `amount` float DEFAULT NULL,
  `call_details` varchar(100) DEFAULT NULL,
  `classmate` varchar(20) DEFAULT NULL,
  `classmate_call` varchar(20) DEFAULT NULL,
  `contract` varchar(100) DEFAULT NULL,
  `create_time` datetime DEFAULT NULL,
  `disp_id` varchar(100) DEFAULT NULL,
  `is_del` int(11) DEFAULT NULL,
  `lender_id` int(11) DEFAULT NULL,
  `lender_pic` varchar(100) DEFAULT NULL,
  `modify_time` datetime DEFAULT NULL,
  `month_pay` float DEFAULT NULL,
  `order_date` date DEFAULT NULL,
  `paid_periods` int(11) DEFAULT NULL,
  `parent` varchar(100) DEFAULT NULL,
  `parent_call` varchar(100) DEFAULT NULL,
  `payment_day` varchar(100) DEFAULT NULL,
  `periods` int(11) DEFAULT NULL,
  `product` varchar(100) DEFAULT NULL,
  `received_amount` float DEFAULT NULL,
  `roommate` varchar(100) DEFAULT NULL,
  `roommate_call` varchar(100) DEFAULT NULL,
  `source` varchar(100) DEFAULT NULL,
  `status` int(11) DEFAULT NULL,
  `takeorder_data` date DEFAULT NULL,
  PRIMARY KEY (`id`),
  KEY `orders_lender_id` (`lender_id`),
  CONSTRAINT `orders_ibfk_1` FOREIGN KEY (`lender_id`) REFERENCES `lender` (`id`) ON DELETE CASCADE
) ENGINE=InnoDB AUTO_INCREMENT=50 DEFAULT CHARSET=utf8;

-- ----------------------------
--  Records of `orders`
-- ----------------------------
BEGIN;
INSERT INTO `orders` VALUES ('1', 'M1', '6000', null, '边关', '18186669231', null, '2019-01-08 22:57:47', '20161023154852186881', '0', '1', null, '2019-01-08 22:57:47', '1000', '2016-10-23', '0', '颜琛', '15292078272', '2016-11-18', '12', 'iphone6，白色，64g', null, '周海鹏', '13006111563', 'cccc', '4', '2016-10-24'), ('2', 'M2', '6000', null, '李燎原', '13129912363', null, '2019-01-08 22:57:47', '20161021123234185070', '0', '2', null, '2019-01-08 22:57:47', '1001', '2016-10-21', '0', '孙怡伟', '18186457206', '2016-11-16', '15', 'iPhone6128G 三网 金', null, '邹会敏', '18372835325', 'cccc', '4', '2016-10-22'), ('3', 'M3', '6000', null, '洪朗', '15171630797', null, '2019-01-08 22:57:47', '20161020105039184414', '0', '3', null, '2019-01-08 22:57:47', '1002', '2016-10-20', '0', '熊壮', '18108627055', '2016-11-15', '15', '6sp全网通玫瑰金16g', null, '刘闯', '15098019827', 'cccc', '4', '2016-10-20'), ('4', 'M4', '6000', null, '秦华丽', '15620491386', null, '2019-01-08 22:57:47', '20161019134901183945', '0', '4', null, '2019-01-08 22:57:47', '1003', '2016-10-19', '0', '刘磊', '15527372664', '2016-11-14', '12', 'iphone6splus', null, '解有东', '13302079037', 'cccc', '4', '2016-10-19'), ('5', 'M5', '6500', null, '田植元', '13871425019', null, '2019-01-08 22:57:47', '20161018163642183389', '0', '5', null, '2019-01-08 22:57:47', '1004', '2016-10-18', '0', '马汘', '13047133888', '2016-11-13', '12', '苹果6S国行64G金色', null, '李凯宇', '13094272737', 'cccc', '4', '2016-10-21'), ('6', 'M6', '6500', null, '黄毅', '13407188412', null, '2019-01-08 22:57:47', '20161017195354182849', '0', '6', null, '2019-01-08 22:57:47', '1005', '2016-10-17', '0', '周伟', '15171066998', '2016-11-12', '12', '小米NOTE顶配64G白色', null, '王振', '13419614574', 'cccc', '4', '2016-10-18'), ('7', 'M7', '6500', null, '石亚亚', '15120440014', null, '2019-01-08 22:57:47', '20161015143114180988', '0', '7', null, '2019-01-08 22:57:47', '1006', '2016-10-15', '1', '陈斌', '13545507510', '2016-11-12', '15', 'iphone 6 （16G）国行', '1000', '朱紫俊', '15972689119', 'cccc', '1', '2016-10-15'), ('8', 'M8', '6000', null, '谢樊', '15827175237', null, '2019-01-08 22:57:47', '20161023113817186530', '0', '8', null, '2019-01-08 22:57:47', '1007', '2016-10-23', '0', '木里德尓', '13133814353', '2016-11-07', '12', '苹果6s  16G  ', null, '余帝胜', '18772280218', 'cccc', '1', '2016-10-25'), ('9', 'M9', '6000', null, '热纳', '15927675787', null, '2019-01-08 22:57:47', '20161008091807176003', '0', '9', null, '2019-01-08 22:57:47', '1008', '2016-10-08', '0', '郑格格', '15270299141', '2016-11-06', '12', 'iPhone6S金色 16G 三网', null, '艾克热木', '13476258982', 'cccc', '1', '2016-10-08'), ('10', 'M10', '6500', null, '张阳平', '15927079173', null, '2019-01-08 22:57:47', '20161007162900175828', '0', '10', null, '2019-01-08 22:57:47', '1009', '2016-10-07', '0', '王鹏程', '17793241797', '2016-11-05', '12', 'oppor7', null, '王鹏程', '17793241797', 'cccc', '1', '2016-10-08'), ('11', 'M11', '6000', null, '王明', '13296631739', null, '2019-01-08 22:57:47', '20161016125211181589', '0', '11', null, '2019-01-08 22:57:47', '1010', '2016-10-16', '0', '邓力', '15623977401', '2016-11-05', '24', '苹果6银色16G美版', null, '王子涵', '13972570640', 'cccc', '1', '2016-10-16'), ('12', 'M12', '6000', null, '刘良', '18186662806', null, '2019-01-08 22:57:47', '20161005160015174909', '0', '12', null, '2019-01-08 22:57:47', '1011', '2016-10-05', '0', '陈徐', '15623931343', '2016-11-03', '24', '国行苹果64.7寸64g', null, '程健', '18671372472', 'cccc', '1', '2016-10-06'), ('13', 'M1', '6000', null, '万佳恒', '15071140806', null, '2019-01-08 22:57:47', '20161015144501181024', '0', '13', null, '2019-01-08 22:57:47', '1012', '2016-10-15', '0', '谷帅', '13853789820', '2016-11-01', '12', 'iOS', null, '朱直升', '18827027101', 'cccc', '2', '2016-10-16'), ('14', 'M2', '6000', null, '占燃', '15207232644', null, '2019-01-08 22:57:47', '20161016155856181875', '0', '14', null, '2019-01-08 22:57:47', '1013', '2016-10-16', '0', '舒子威', '15072945874', '2016-11-01', '12', '苹果6S国行64G金色', null, '王标', '13397154782', 'cccc', '2', '2016-10-17'), ('15', 'M3', '6500', null, '肖苗', '15572902618', null, '2019-01-08 22:57:47', '20161002110245174005', '0', '15', null, '2019-01-08 22:57:47', '1014', '2016-10-02', '0', '程诗雨', '15623089223', '2016-10-28', '12', 'iPhone 6 国行金色16G', null, '黄玉琼', '15871383572', 'cccc', '2', '2016-10-04'), ('16', 'M4', '6000', null, '黄磊', '18162439775', null, '2019-01-08 22:57:47', '20161011112358178269', '0', '16', null, '2019-01-08 22:57:47', '1015', '2016-10-11', '1', '祝秋豪', '15827802946', '2016-10-26', '15', '国行iPhone6s Plus 16G 玫瑰金', '1000', '郑程浩', '13437145665', 'cccc', '2', '2016-10-11'), ('17', 'M5', '6000', null, '魏晓铃', '18283106287', null, '2019-01-08 22:57:47', '20161010121815177643', '0', '17', null, '2019-01-08 22:57:47', '1016', '2016-10-10', '1', '葛龙', '15877960130', '2016-10-25', '12', '苹果6P港版银色16G', '1001', '蒋筱艳', '18821779231', 'cccc', '2', '2016-10-10'), ('18', 'M6', '6500', null, '肖晓', '18972451543', null, '2019-01-08 22:57:47', '20161009154735177212', '0', '18', null, '2019-01-08 22:57:47', '1017', '2016-10-09', '1', '许小飞', '18986696885', '2016-10-24', '12', 'iphone6plus16G金色', '1002', '詹鹏', '18871910101', 'cccc', '2', '2016-10-10'), ('19', 'M7', '6500', null, '郑周航', '18186430023', null, '2019-01-08 22:57:47', '20161009134745177054', '0', '19', null, '2019-01-08 22:57:47', '1018', '2016-10-09', '1', '黄小明', '15665491660', '2016-10-24', '12', 'iPhone6 Plus 64G 黑色 三网', '1003', '魏鹏', '18186429863', 'cccc', '2', '2016-10-10'), ('20', 'M8', '5000', null, '刘一鸣', '13006115435', null, '2019-01-08 22:57:47', '20160910112544160905', '0', '20', null, '2019-01-08 22:57:47', '1019', '2016-09-10', '1', '刘鹏飞', '18729286696', '2016-10-08', '6', '6s粉色、64g', '1004', '胡长久', '18162332967', 'cccc', '2', '2016-09-10'), ('21', 'M9', '6500', null, '阿丽米热', '17092792117', null, '2019-01-08 22:57:47', '20160920105919166656', '0', '21', null, '2019-01-08 22:57:47', '1020', '2016-09-20', '1', '冉轩', '13572611054', '2016-10-05', '6', 'iPhone6s 玫瑰金 16G 港行', '1005', '恒巴提', '18199788629', 'cccc', '3', '2016-09-20'), ('22', 'M10', '4000', null, '乐其明', '18162343262', null, '2019-01-08 22:57:47', '20160907114006159213', '0', '22', null, '2019-01-08 22:57:47', '1021', '2016-09-07', '1', '冉轩', '13572611054', '2016-10-05', '9', 'iphone 6 plus（64G）国行', '1006', '施科', '13016420937', 'cccc', '3', '2016-09-08'), ('23', 'M11', '6500', null, '杨冬超', '15222471398', null, '2019-01-08 22:57:47', '20160918144425165467', '0', '23', null, '2019-01-08 22:57:47', '1022', '2016-09-18', '1', '王青君', '18962999996', '2016-10-03', '12', '国行 6 plus 金色 16g', '1007', '沈祥禹', '18222781300', 'cccc', '3', '2016-09-18'), ('24', 'M12', '6500', null, '章浩诚', '13647258576', null, '2019-01-08 22:57:47', '20160904112250157462', '0', '24', null, '2019-01-08 22:57:47', '1023', '2016-09-04', '1', '岳传许', '13164666658', '2016-10-02', '12', 'iPhone6S 金色 64G 国行', '1008', '尹思', '18154333575', 'cccc', '3', '2016-09-04'), ('25', 'M1', '6500', null, '彭鼎', '15972670635', null, '2019-01-08 22:57:47', '20160903161100157233', '0', '25', null, '2019-01-08 22:57:47', '1024', '2016-09-03', '1', '刘学凯', '15927007612', '2016-10-01', '12', 'iPhone6 plus(64G) 国行 公开版', '1009', '杨彬', '15727004831', 'cccc', '3', '2016-09-04'), ('26', 'M2', '6500', null, '哈依那尔', '13239916323', null, '2019-01-08 22:57:47', '20160903151930157195', '0', '26', null, '2019-01-08 22:57:47', '1025', '2016-09-03', '1', '王海军', '15927246761', '2016-10-01', '12', 'iPhone6s 金色16G', '1010', '包尔江', '13579853087', 'cccc', '3', '2016-09-03'), ('27', 'M3', '6500', null, '郑道成', '15172432395', null, '2019-01-08 22:57:47', '20160829133017155057', '0', '27', null, '2019-01-08 22:57:47', '1026', '2016-08-29', '1', '王海军', '15927246761', '2016-09-24', '12', 'iOS', '1011', '谢强卫', '18627777337', 'cccc', '3', '2016-08-31'), ('28', 'M4', '6000', null, '何广', '13026168543', null, '2019-01-08 22:57:47', '20160908153537160037', '0', '28', null, '2019-01-08 22:57:47', '1027', '2016-09-08', '2', '艾热法提', '15827489391', '2016-09-23', '6', '苹果6SP国行16G金色', '2000', '陈熬', '13477056985', 'cccc', '3', '2016-09-09'), ('29', 'M5', '6000', null, '陈威', '15807257264', null, '2019-01-08 22:57:47', '20160819121737152122', '0', '29', null, '2019-01-08 22:57:47', '1028', '2016-08-19', '2', '杨文涛', '15727118847', '2016-09-14', '12', '苹果6plus金色16g', null, '朱子威', '18171776666', 'cccc', '3', '2016-08-20'), ('30', 'M6', '6500', null, '陈佳敏', '15871165140', null, '2019-01-08 22:57:47', '20160812141824150124', '0', '30', null, '2019-01-08 22:57:47', '1029', '2016-08-12', '0', '闵少伟', '13986223012', '2016-09-10', '12', 'hone6S 64G金色', null, '柳婷', '15072041419', 'cccc', '5', '2016-08-23'), ('31', 'M7', '6500', null, '陈航宇', '17771770974', null, '2019-01-08 22:57:47', '20160810100728148915', '0', '31', null, '2019-01-08 22:57:47', '1030', '2016-08-10', '2', '王文斌', '18727577717', '2016-09-08', '12', 'iPhone6白色16G国行', '2000', '王子杰', '13593927044', 'cccc', '5', '2016-08-10'), ('32', 'M8', '6500', null, '杨煜', '18980463274', null, '2019-01-08 22:57:47', '20160822122219152852', '0', '32', null, '2019-01-08 22:57:47', '1031', '2016-08-22', '2', '陈伟杰', '18986758927', '2016-09-06', '12', 'iPhone6 16G银白色 国行 全网通', '2001', '张琦', '15388194925', 'cccc', '5', '2016-08-22'), ('33', 'M9', '6500', null, '刘晨清', '18627250324', null, '2019-01-08 22:57:47', '20160822112732152825', '0', '33', null, '2019-01-08 22:57:47', '1032', '2016-08-22', '2', '阿布都拉', '18408256634', '2016-09-06', '12', '港版iPhone6s  plus 16G 金色', '2002', '水浩', '18627761690', 'cccc', '5', '2016-08-22'), ('34', 'M10', '6500', null, '杨嘉豪', '18167767787', null, '2019-01-08 22:57:47', '20160805142012147667', '0', '34', null, '2019-01-08 22:57:47', '1033', '2016-08-05', '2', '曹亚辉', '18086467882', '2016-09-03', '6', '国行iPhone5s 金色 16G', '2003', '熊进舟', '13296547022', 'cccc', '5', '2016-08-05'), ('35', 'M11', '6500', null, '陈磊', '15090720646', null, '2019-01-08 22:57:47', '20160804130249147345', '0', '35', null, '2019-01-08 22:57:47', '1034', '2016-08-04', '2', '张宇', '18086460227', '2016-09-02', '12', 'iPhone 6S 16g 国行', '2004', '欧阳东禹', '18727171902', 'cccc', '5', '2016-08-04'), ('36', 'M12', '6500', null, '戴爽', '15972989132', null, '2019-01-08 22:57:47', '20160802115638146953', '0', '36', null, '2019-01-08 22:57:47', '1035', '2016-08-02', '2', '梁斌', '13297994441', '2016-08-28', '6', '苹果6PLUS国行64G金色', '2005', '周峰', '13098889501', 'cccc', '5', '2016-08-02'), ('37', 'M0', '6500', null, '贺峰义', '15527361344', null, '2019-01-08 22:57:47', '20160808145309148300', '0', '37', null, '2019-01-08 22:57:47', '1036', '2016-08-08', '3', '唐浩桓', '13886777271', '2016-08-23', '12', '苹果6plus金色64G港版', '2006', '刘闯', '15071124995', 'cccc', '0', '2016-08-08'), ('38', 'M1', '6500', null, '夏建国', '15072403699', null, '2019-01-08 22:57:47', '20160804154958147413', '0', '38', null, '2019-01-08 22:57:47', '1037', '2016-08-04', '2', '彭文静', '17786144414', '2016-08-21', '6', 'iPhone6国行银色16g', '3000', '何海洋', '18271823659', 'cccc', '0', '2016-08-05'), ('39', 'M2', '6500', null, '赵翔', '15927404661', null, '2019-01-08 22:57:47', '20160802194103147064', '0', '39', null, '2019-01-08 22:57:47', '1038', '2016-08-02', '3', '张智', '18186668621', '2016-08-17', '15', 'OPPOR7PLUS', '3001', '邓尧', '18286928761', 'cccc', '8', '2016-08-03'), ('40', 'M9', '6500', null, '赵翔', '15927404661', null, '2019-01-08 22:57:47', '20160721132940144662', '0', '40', null, '2019-01-08 22:57:47', '1039', '2016-07-21', '3', '丁城', '15899302259', '2016-08-16', '12', '苹果6国行16G金色', '3002', '邓尧', '18286928761', 'cccc', '8', '2016-07-21'), ('41', 'M10', '6500', null, '卢子轩', '13409715082', null, '2019-01-08 22:57:47', '20160801134941146846', '0', '41', null, '2019-01-08 22:57:47', '1040', '2016-08-01', '3', '王济超', '15272460793', '2016-08-16', '12', '6sp，16g粉色', '3003', '熊瑶', '15098019812', 'cccc', '8', '2016-08-01'), ('42', 'M11', '6500', null, '刘祥林', '18660726455', null, '2019-01-08 22:57:47', '20160729185144146402', '0', '42', null, '2019-01-08 22:57:47', '1041', '2016-07-29', '3', '罗宇', '18380134980', '2016-08-13', '15', '苹果6P国行64G金色', '3004', '马正', '18266246666', 'cccc', '7', '2016-07-31'), ('43', 'M12', '6500', null, '艾培国', '18972321366', null, '2019-01-08 22:57:48', '20160714173851143396', '0', '43', null, '2019-01-08 22:57:48', '1042', '2016-07-14', '3', '丁敏娇', '17768535809', '2016-08-12', '6', 'iOS', '3005', '朱富光', '13886633723', 'cccc', '7', '2016-07-15'), ('44', 'M0', '6500', null, '郑吉添', '13047111195', null, '2019-01-08 22:57:48', '20160714112704143278', '0', '44', null, '2019-01-08 22:57:48', '1043', '2016-07-14', '2', '赛力木江', '13079983356', '2016-08-12', '6', '6s64g三网金', '3006', '刘闯', '15098019827', 'cccc', '7', '2016-07-14'), ('45', 'M1', '6500', null, '李鑫鑫', '13721099104', null, '2019-01-08 22:57:48', '20160713154637143147', '0', '45', null, '2019-01-08 22:57:48', '1044', '2016-07-13', '3', '陈子破', '18208156095', '2016-08-11', '12', 'UI课程', '3007', '李唯一', '18702770110', 'cccc', '6', '2016-07-14'), ('46', 'M2', '6500', null, '蹇天兰', '13886777431', null, '2019-01-08 22:57:48', '20160708121219142107', '0', '46', null, '2019-01-08 22:57:48', '1045', '2016-07-08', '3', '杜文文', '13429802079', '2016-08-06', '6', '苹果6S国行16G金色', '3008', '时娟娟', '13419683368', 'cccc', '6', '2016-07-08'), ('47', 'M9', '6500', null, '祝林', '15172712519', null, '2019-01-08 22:57:48', '20160711131217142674', '0', '47', null, '2019-01-08 22:57:48', '1046', '2016-07-11', '3', '刘语智', '13258620712', '2016-07-26', '6', '笔记本电脑', '3009', '杨文涛', '15727118847', 'cccc', '6', '2016-07-11'), ('48', 'M10', '6500', null, '张恒', '13871041725', null, '2019-01-08 22:57:48', '20160627143215139559', '0', '48', null, '2019-01-08 22:57:48', '1047', '2016-06-27', '4', '夏帕哈提', '17761276309', '2016-07-23', '12', 'Apple/苹果 iPhone 6S   4.7寸 64G 4G ', '3010', '裴浩', '18771920747', 'cccc', '6', '2016-06-27'), ('49', 'M11', '6500', null, '王晴雯', '13037732379', null, '2019-01-08 22:57:48', '20160622160006138404', '0', '49', null, '2019-01-08 22:57:48', '1048', '2016-06-22', '2', '孙传奇', '18659292427', '2016-07-18', '6', 'iPhone6 64G 国行 金色', '3011', '乔毅', '13281801279', 'cccc', '6', '2016-06-22');
COMMIT;

-- ----------------------------
--  Table structure for `system`
-- ----------------------------
DROP TABLE IF EXISTS `system`;
CREATE TABLE `system` (
  `id` int(11) NOT NULL AUTO_INCREMENT,
  `backuptime` time DEFAULT NULL,
  `intval` int(11) DEFAULT NULL,
  `passwd` varchar(20) DEFAULT NULL,
  `username` varchar(20) DEFAULT NULL,
  PRIMARY KEY (`id`)
) ENGINE=InnoDB DEFAULT CHARSET=utf8;

SET FOREIGN_KEY_CHECKS = 1;
